ad,renk,kategori,indirimli_fiyat,onceki_fiyat_son30gun_en_dusuk,stok,bedenler,durum,kumas,mensei_uretim,foto_dosyasi,not
Yün Polar Ceket,Kahve,Dış Giyim,3490,6990,4,M|L|XL,kusursuz,%70 yün %30 polyester,Türkiye - AB siparişi fazlası,,
Ekose Flanel Gömlek,Haki,Gömlek,1290,2490,2,S|M,kusursuz,%100 pamuk flanel,Türkiye - AB siparişi fazlası,,
Şeritli Eşofman Altı,Lacivert,Eşofman,990,1990,7,S|M|L|XL,kusursuz,%100 polyester pike,Türkiye - AB siparişi fazlası,,
Merinos Yarım Fermuarlı Triko,Gri,Triko,2190,4290,3,M|L,kusursuz,%100 merinos yün,Türkiye - İngiltere siparişi fazlası,,
Merinos Slim Tişört,Siyah,Tişört,690,1290,12,S|M|L|XL,kusursuz,%100 merinos yün süprem,Türkiye - AB siparişi fazlası,,
Şeritli Eşofman Üstü,Lacivert,Eşofman,1190,2290,5,M|L|XL,kusursuz,%100 polyester pike,Türkiye - AB siparişi fazlası,,
Yün Polar Fermuarlı Ceket,Siyah,Dış Giyim,3490,6990,1,L,kusursuz,%70 yün %30 polyester,Türkiye - AB siparişi fazlası,,
Kapüşonlu Sweatshirt,Gri Melanj,Sweatshirt,1190,2390,6,S|M|L|XL,kusursuz,%100 pamuk 3 iplik,Türkiye - ABD siparişi fazlası,,
Kargo Pantolon,Bej,Pantolon,1390,2690,4,30|32|34|36,kusursuz,%98 pamuk %2 elastan gabardin,Türkiye - AB siparişi fazlası,,
Uzun Kollu Basic Tişört,Siyah,Tişört,490,990,18,S|M|L|XL|XXL,kusursuz,%100 pamuk süprem,Türkiye - AB siparişi fazlası,,
Şeritli Eşofman Üstü,Petrol,Eşofman,890,2290,2,M,hafif-kusurlu,%100 polyester pike,Türkiye - AB siparişi fazlası,,Sol kol manşetinde hafif renk farkı
Yün Karışımlı Bere,Antrasit,Aksesuar,390,790,10,STD,kusursuz,%50 yün %50 akrilik,Türkiye - AB siparişi fazlası,,
